ID;Data;Hora;Nome Utente;Telefone;Tratamento;Profissional;Duracao Min;Regime Cobertura;Prestador;Numero;Estado;Valor EUR;Notas
"apt_sess_363ea35f-358c-440c-bcd9-5515255bc2a3";"2027-01-04";"14:00";"Audit réservation";"'+351963000030";"reeducation-posturale";"Digital Clínica";50;"PARTICULAR";"";"";"CONFIRMED";65;"Session 2 · Treatment plan"
"apt_sess_902fee62-853d-41d8-8480-68fb7915bcd2";"2026-12-28";"14:00";"Audit réservation";"'+351963000030";"reeducation-posturale";"Digital Clínica";50;"PARTICULAR";"";"";"CONFIRMED";65;"Session 1 · Treatment plan"
"apt_5df31fb1-29d3-44f9-abeb-2c9416369368";"2026-11-24";"09:00";"Audit réservation";"'+351963000007";"reeducation-posturale";"Digital Clínica";50;"PARTICULAR";"";"";"NO_SHOW";65;""
"apt_40e70384-627b-4d8d-8483-b727f0af524d";"2026-11-23";"10:00";"Audit réservation";"'+351963000005";"reeducation-posturale";"Digital Clínica";50;"PARTICULAR";"";"";"PENDING";65;""
"apt_sess_d43ca5c1-c8ec-46b8-847c-26bd00de73c5";"2026-11-18";"09:00";"Audit Élodie São";"'+351963000001";"reeducation-posturale";"Digital Clínica";50;"PARTICULAR";"";"";"CONFIRMED";65;"Session 3 · Treatment plan"
"apt_sess_1adbcac5-3229-4973-98dd-a04f6c3f35d2";"2026-11-11";"09:00";"Audit Élodie São";"'+351963000001";"reeducation-posturale";"Digital Clínica";50;"PARTICULAR";"";"";"CANCELLED";65;"Session 1 · Treatment plan"
"apt_2c53161a-299c-473d-a7d0-b0e503d80f1b";"2026-11-09";"10:00";"Audit réservation";"'+351963000021";"reeducation-posturale";"Digital Clínica";50;"PARTICULAR";"";"";"PENDING";65;""
"apt_3973bef0-b547-4739-bc96-6fc2666ae260";"2026-11-05";"09:00";"Audit réservation";"'+351963000015";"reeducation-posturale";"Digital Clínica";50;"PARTICULAR";"";"";"PENDING";65;""
"apt_a826d993-b488-48f1-923c-87b6d1e2bfe9";"2026-11-04";"09:00";"Audit réservation";"'+351963000011";"reeducation-posturale";"Digital Clínica";50;"PARTICULAR";"";"";"PENDING";65;""
"apt_ca394b85-00b6-4263-822d-1ab391f9c334";"2026-11-03";"09:00";"Audit réservation";"'+351963000009";"reeducation-posturale";"Digital Clínica";50;"PARTICULAR";"";"";"PENDING";65;""
"apt_sess_2d6ee33a-8922-43b8-93ba-265a8fc7a315";"2026-11-02";"14:00";"Audit réservation";"'+351963000027";"reeducation-posturale";"Digital Clínica";50;"PARTICULAR";"";"";"CONFIRMED";65;"Session 3 · Treatment plan"
"apt_sess_72d019dd-00c8-449b-876c-890ee4437ca9";"2026-10-26";"14:00";"Audit réservation";"'+351963000027";"reeducation-posturale";"Digital Clínica";50;"PARTICULAR";"";"";"CONFIRMED";65;"Session 2 · Treatment plan"
"apt_sess_af33fd06-061e-40de-90ea-543848a222fe";"2026-10-19";"14:00";"Audit réservation";"'+351963000027";"reeducation-posturale";"Digital Clínica";50;"PARTICULAR";"";"";"CONFIRMED";65;"Session 1 · Treatment plan"
"apt_8c06bde1-ad96-4e38-b963-147947fddeaf";"2026-10-01";"09:00";"Audit Élodie São";"'+351963000001";"reeducation-posturale";"Digital Clínica";50;"PARTICULAR";"";"";"COMPLETED";65;""
